{"cameraMode":{"drawMode":0,"name":"Shaded","section":"Shading Mode"},"sceneLighting":false,"audioPlay":false,"sceneViewState":{"m_AlwaysRefresh":false,"showFog":true,"showSkybox":false,"showFlares":true,"showImageEffects":true,"showParticleSystems":true,"showVisualEffectGraphs":true,"m_FxEnabled":true},"in2DMode":false,"pivot":{"x":-3.1066768169403078,"y":2.4320735931396486,"z":3.650594711303711},"rotation":{"x":-0.11596603691577912,"y":0.13425762951374055,"z":-0.015857426449656488,"w":-0.9840699434280396},"size":14.319953918457032,"orthographic":false}