{"cameraMode":{"drawMode":0,"name":"Shaded","section":"Shading Mode"},"sceneLighting":true,"audioPlay":false,"sceneViewState":{"m_AlwaysRefresh":false,"showFog":true,"showSkybox":true,"showFlares":true,"showImageEffects":true,"showParticleSystems":true,"showVisualEffectGraphs":true,"m_FxEnabled":true},"in2DMode":false,"pivot":{"x":92.39822387695313,"y":-11.906885147094727,"z":81.18560028076172},"rotation":{"x":0.4473029375076294,"y":-0.04557889699935913,"z":0.022832274436950685,"w":0.8929294347763062},"size":54.07392120361328,"orthographic":false}