{"cameraMode":{"drawMode":0,"name":"Shaded","section":"Shading Mode"},"sceneLighting":true,"audioPlay":false,"sceneViewState":{"m_AlwaysRefresh":false,"showFog":true,"showSkybox":true,"showFlares":true,"showImageEffects":true,"showParticleSystems":true,"showVisualEffectGraphs":true,"m_FxEnabled":true},"in2DMode":false,"pivot":{"x":42.07316970825195,"y":-27.33048439025879,"z":63.485389709472659},"rotation":{"x":0.4017203152179718,"y":-0.008235559798777104,"z":0.0036290991120040418,"w":0.915751039981842},"size":86.71878814697266,"orthographic":false}