{"cameraMode":{"drawMode":0,"name":"Shaded","section":"Shading Mode"},"sceneLighting":true,"audioPlay":false,"sceneViewState":{"m_AlwaysRefresh":false,"showFog":true,"showSkybox":true,"showFlares":true,"showImageEffects":true,"showParticleSystems":true,"showVisualEffectGraphs":true,"m_FxEnabled":true},"in2DMode":false,"pivot":{"x":152.17910766601563,"y":1.0433521270751954,"z":59.42762756347656},"rotation":{"x":0.508479654788971,"y":-0.005137701518833637,"z":0.0030985227786004545,"w":0.8611100912094116},"size":65.96685028076172,"orthographic":false}