{"cameraMode":{"drawMode":0,"name":"Shaded","section":"Shading Mode"},"sceneLighting":true,"audioPlay":false,"sceneViewState":{"m_AlwaysRefresh":false,"showFog":true,"showSkybox":true,"showFlares":true,"showImageEffects":true,"showParticleSystems":true,"showVisualEffectGraphs":true,"m_FxEnabled":true},"in2DMode":false,"pivot":{"x":-0.005589425563812256,"y":0.02555179037153721,"z":0.04264812171459198},"rotation":{"x":0.012121682055294514,"y":0.9704307317733765,"z":-0.23593543469905854,"w":0.04982094094157219},"size":6.226474761962891,"orthographic":false}