{"cameraMode":{"drawMode":0,"name":"Shaded","section":"Shading Mode"},"sceneLighting":false,"audioPlay":false,"sceneViewState":{"showFog":true,"showMaterialUpdate":false,"showSkybox":true,"showFlares":true,"showImageEffects":true,"showParticleSystems":true},"in2DMode":false,"pivot":{"x":4.269012451171875,"y":3.4910004138946535,"z":3.4859619140625},"rotation":{"x":0.21781477332115174,"y":0.6739855408668518,"z":-0.21873143315315247,"w":0.6711646914482117},"size":4787.64794921875,"orthographic":false}