{"cameraMode":{"drawMode":0,"name":"Shaded","section":"Shading Mode"},"sceneLighting":true,"audioPlay":false,"sceneViewState":{"m_AlwaysRefresh":false,"showFog":true,"showSkybox":true,"showFlares":true,"showImageEffects":true,"showParticleSystems":true,"showVisualEffectGraphs":true,"m_FxEnabled":true},"in2DMode":false,"pivot":{"x":-8.213798522949219,"y":0.8425323963165283,"z":2.5903546810150148},"rotation":{"x":0.2581145763397217,"y":-0.04315707087516785,"z":0.011546606197953225,"w":0.9651874899864197},"size":5.426446914672852,"orthographic":false}