{"cameraMode":{"drawMode":0,"name":"Shaded","section":"Shading Mode"},"sceneLighting":true,"audioPlay":false,"sceneViewState":{"m_AlwaysRefresh":false,"showFog":true,"showSkybox":true,"showFlares":true,"showImageEffects":true,"showParticleSystems":true,"showVisualEffectGraphs":true,"m_FxEnabled":true},"in2DMode":false,"pivot":{"x":-2.2170138359069826,"y":0.4649660885334015,"z":-1.379395842552185},"rotation":{"x":-0.2028881162405014,"y":0.007925066165626049,"z":-0.0016545638209208847,"w":-0.979179322719574},"size":6.666117191314697,"orthographic":false}