{"cameraMode":{"drawMode":0,"name":"Shaded","section":"Shading Mode"},"sceneLighting":true,"audioPlay":false,"sceneViewState":{"m_AlwaysRefresh":false,"showFog":true,"showSkybox":false,"showFlares":true,"showImageEffects":true,"showParticleSystems":true,"showVisualEffectGraphs":true,"m_FxEnabled":true},"in2DMode":false,"pivot":{"x":0.060835838317871097,"y":4.907276153564453,"z":-5.353473663330078},"rotation":{"x":0.04581200331449509,"y":0.21152658760547639,"z":-0.009585846215486527,"w":0.9764630198478699},"size":13.060648918151856,"orthographic":false}