{"cameraMode":{"drawMode":0,"name":"Shaded","section":"Shading Mode"},"sceneLighting":false,"audioPlay":false,"sceneViewState":{"m_AlwaysRefresh":false,"showFog":true,"showSkybox":false,"showFlares":true,"showImageEffects":true,"showParticleSystems":true,"showVisualEffectGraphs":true,"m_FxEnabled":true},"in2DMode":false,"pivot":{"x":3.6285829544067385,"y":-22.018325805664064,"z":2.703847885131836},"rotation":{"x":-0.31713756918907168,"y":-0.023614389821887018,"z":0.00790142361074686,"w":-0.9480640292167664},"size":58.71818542480469,"orthographic":false}