{"cameraMode":{"drawMode":0,"name":"Shaded","section":"Shading Mode"},"sceneLighting":true,"audioPlay":false,"sceneViewState":{"m_AlwaysRefresh":false,"showFog":true,"showSkybox":true,"showFlares":true,"showImageEffects":true,"showParticleSystems":true,"showVisualEffectGraphs":true,"m_FxEnabled":true},"in2DMode":false,"pivot":{"x":-5.633265972137451,"y":4.5638837814331059,"z":-6.581371307373047},"rotation":{"x":0.5225094556808472,"y":0.041417308151721957,"z":-0.025397052988409997,"w":0.8512780070304871},"size":11.73336124420166,"orthographic":false}